riotIdGameName,kills,deaths,assists,KDA,round,role
Team_06,2,2,5,3.5,Round_01,ADC
Team_08,3,3,11,4.67,Round_01,ADC
Team_02,1,0,2,3.0,Round_01,ADC
Team_01,2,1,1,3.0,Round_01,ADC
Team_07,3,2,2,2.5,Round_01,ADC
Team_03,10,0,4,14.0,Round_01,ADC
Team_05,2,3,4,2.0,Round_01,ADC
Team_04,4,4,7,2.75,Round_01,ADC
Team_10,6,1,2,8.0,Round_01,ADC
Team_09,3,2,5,4.0,Round_01,ADC
Team_06,4,3,5,3.0,Round_01,JGL
Team_08,5,1,10,15.0,Round_01,JGL
Team_02,2,2,5,3.5,Round_01,JGL
Team_01,1,2,3,2.0,Round_01,JGL
Team_07,1,5,4,1.0,Round_01,JGL
Team_03,0,2,14,7.0,Round_01,JGL
Team_05,5,4,4,2.25,Round_01,JGL
Team_04,0,3,10,3.33,Round_01,JGL
Team_10,2,0,6,8.0,Round_01,JGL
Team_09,3,1,2,5.0,Round_01,JGL
Team_06,1,1,8,9.0,Round_01,MID
Team_08,1,3,11,4.0,Round_01,MID
Team_02,2,1,1,3.0,Round_01,MID
Team_01,1,1,3,4.0,Round_01,MID
Team_07,3,2,6,4.5,Round_01,MID
Team_03,2,3,9,3.67,Round_01,MID
Team_05,3,2,6,4.5,Round_01,MID
Team_04,3,2,10,6.5,Round_01,MID
Team_10,1,2,8,4.5,Round_01,MID
Team_09,2,2,4,3.0,Round_01,MID
Team_06,0,4,11,2.75,Round_01,SUP
Team_08,6,3,9,5.0,Round_01,SUP
Team_02,0,0,5,5.0,Round_01,SUP
Team_01,0,4,2,0.5,Round_01,SUP
Team_07,0,3,6,2.0,Round_01,SUP
Team_03,0,2,10,5.0,Round_01,SUP
Team_05,1,5,5,1.2,Round_01,SUP
Team_04,0,1,18,18.0,Round_01,SUP
Team_10,1,3,9,3.33,Round_01,SUP
Team_09,0,2,8,4.0,Round_01,SUP
Team_06,4,8,3,0.88,Round_01,TOP
Team_08,3,1,7,10.0,Round_01,TOP
Team_02,5,1,3,8.0,Round_01,TOP
Team_01,0,2,2,1.0,Round_01,TOP
Team_07,2,3,5,2.33,Round_01,TOP
Team_03,3,2,6,4.5,Round_01,TOP
Team_05,1,4,2,0.75,Round_01,TOP
Team_04,11,2,6,8.5,Round_01,TOP
Team_10,0,3,6,2.0,Round_01,TOP
Team_09,1,3,6,2.33,Round_01,TOP
Team_01,6,1,2,8.0,Round_02,ADC
Team_07,1,1,2,3.0,Round_02,ADC
Team_04,0,1,8,8.0,Round_02,ADC
Team_10,4,0,7,11.0,Round_02,ADC
Team_08,6,3,4,3.33,Round_02,ADC
Team_02,9,1,6,15.0,Round_02,ADC
Team_03,2,2,2,2.0,Round_02,ADC
Team_05,3,1,2,5.0,Round_02,ADC
Team_09,6,4,4,2.5,Round_02,ADC
Team_06,12,2,8,10.0,Round_02,ADC
Team_01,4,3,4,2.67,Round_02,JGL
Team_07,1,4,2,0.75,Round_02,JGL
Team_04,1,3,8,3.0,Round_02,JGL
Team_10,9,2,5,7.0,Round_02,JGL
Team_08,3,4,10,3.25,Round_02,JGL
Team_02,2,2,10,6.0,Round_02,JGL
Team_03,1,1,4,5.0,Round_02,JGL
Team_05,0,2,6,3.0,Round_02,JGL
Team_09,5,6,7,2.0,Round_02,JGL
Team_06,1,4,19,5.0,Round_02,JGL
Team_01,1,0,9,10.0,Round_02,MID
Team_07,0,2,4,2.0,Round_02,MID
Team_04,8,2,1,4.5,Round_02,MID
Team_10,1,2,11,6.0,Round_02,MID
Team_08,3,6,8,1.83,Round_02,MID
Team_02,7,3,6,4.33,Round_02,MID
Team_03,3,1,4,7.0,Round_02,MID
Team_05,4,1,3,7.0,Round_02,MID
Team_09,2,4,1,0.75,Round_02,MID
Team_06,6,1,10,16.0,Round_02,MID
Team_01,0,1,7,7.0,Round_02,SUP
Team_07,1,3,2,1.0,Round_02,SUP
Team_04,0,5,5,1.0,Round_02,SUP
Team_10,0,2,12,6.0,Round_02,SUP
Team_08,1,6,12,2.17,Round_02,SUP
Team_02,0,6,16,2.67,Round_02,SUP
Team_03,1,3,6,2.33,Round_02,SUP
Team_05,0,1,7,7.0,Round_02,SUP
Team_09,0,6,12,2.0,Round_02,SUP
Team_06,1,3,19,6.67,Round_02,SUP
Team_01,0,0,6,6.0,Round_02,TOP
Team_07,2,1,0,2.0,Round_02,TOP
Team_04,1,5,1,0.4,Round_02,TOP
Team_10,2,4,11,3.25,Round_02,TOP
Team_08,3,2,5,4.0,Round_02,TOP
Team_02,3,4,8,2.75,Round_02,TOP
Team_03,2,1,2,4.0,Round_02,TOP
Team_05,1,4,4,1.25,Round_02,TOP
Team_09,0,5,2,0.4,Round_02,TOP
Team_06,5,3,8,4.33,Round_02,TOP
Team_07,0,4,1,0.25,Round_03,ADC
Team_08,3,1,15,18.0,Round_03,ADC
Team_02,6,1,1,7.0,Round_03,ADC
Team_04,1,1,0,1.0,Round_03,ADC
Team_09,3,3,5,2.67,Round_03,ADC
Team_03,4,4,9,3.25,Round_03,ADC
Team_06,16,3,4,6.67,Round_03,ADC
Team_05,5,6,4,1.5,Round_03,ADC
Team_10,4,3,9,4.33,Round_03,ADC
Team_01,3,3,3,2.0,Round_03,ADC
Team_07,2,4,0,0.5,Round_03,JGL
Team_08,3,0,14,17.0,Round_03,JGL
Team_02,1,1,9,10.0,Round_03,JGL
Team_04,0,3,3,1.0,Round_03,JGL
Team_09,2,6,4,1.0,Round_03,JGL
Team_03,7,3,8,5.0,Round_03,JGL
Team_06,2,4,13,3.75,Round_03,JGL
Team_05,1,5,9,2.0,Round_03,JGL
Team_10,3,1,9,12.0,Round_03,JGL
Team_01,0,3,1,0.33,Round_03,JGL
Team_07,0,3,2,0.67,Round_03,MID
Team_08,3,0,12,15.0,Round_03,MID
Team_02,1,2,7,4.0,Round_03,MID
Team_04,2,4,1,0.75,Round_03,MID
Team_09,2,2,7,4.5,Round_03,MID
Team_03,4,3,6,3.33,Round_03,MID
Team_06,1,1,13,14.0,Round_03,MID
Team_05,7,1,5,12.0,Round_03,MID
Team_10,7,0,2,9.0,Round_03,MID
Team_01,1,3,3,1.33,Round_03,MID
Team_07,0,7,2,0.29,Round_03,SUP
Team_08,1,0,19,20.0,Round_03,SUP
Team_02,0,0,9,9.0,Round_03,SUP
Team_04,0,1,4,4.0,Round_03,SUP
Team_09,3,3,10,4.33,Round_03,SUP
Team_03,3,3,10,4.33,Round_03,SUP
Team_06,1,2,16,8.5,Round_03,SUP
Team_05,0,5,7,1.4,Round_03,SUP
Team_10,3,2,14,8.5,Round_03,SUP
Team_01,1,5,3,0.8,Round_03,SUP
Team_07,0,3,1,0.33,Round_03,TOP
Team_08,11,1,6,17.0,Round_03,TOP
Team_02,4,1,6,10.0,Round_03,TOP
Team_04,2,3,1,1.0,Round_03,TOP
Team_09,7,4,4,2.75,Round_03,TOP
Team_03,0,4,3,0.75,Round_03,TOP
Team_06,2,3,13,5.0,Round_03,TOP
Team_05,0,5,3,0.6,Round_03,TOP
Team_10,1,0,9,10.0,Round_03,TOP
Team_01,1,4,2,0.75,Round_03,TOP
Team_03,8,4,9,4.25,Round_04,ADC
Team_06,5,2,8,6.5,Round_04,ADC
Team_01,3,0,4,7.0,Round_04,ADC
Team_04,0,2,0,0.0,Round_04,ADC
Team_05,1,3,2,1.0,Round_04,ADC
Team_09,4,1,10,14.0,Round_04,ADC
Team_08,0,4,2,0.5,Round_04,ADC
Team_10,6,0,8,14.0,Round_04,ADC
Team_07,2,2,2,2.0,Round_04,ADC
Team_02,3,1,2,5.0,Round_04,ADC
Team_03,3,4,14,4.25,Round_04,JGL
Team_06,5,3,8,4.33,Round_04,JGL
Team_01,0,0,9,9.0,Round_04,JGL
Team_04,0,1,0,0.0,Round_04,JGL
Team_05,1,3,3,1.33,Round_04,JGL
Team_09,1,0,15,16.0,Round_04,JGL
Team_08,2,3,3,1.67,Round_04,JGL
Team_10,7,0,4,11.0,Round_04,JGL
Team_07,2,3,4,2.0,Round_04,JGL
Team_02,0,1,7,7.0,Round_04,JGL
Team_03,5,1,12,17.0,Round_04,MID
Team_06,3,3,8,3.67,Round_04,MID
Team_01,5,0,3,8.0,Round_04,MID
Team_04,0,4,1,0.25,Round_04,MID
Team_05,2,2,1,1.5,Round_04,MID
Team_09,4,0,11,15.0,Round_04,MID
Team_08,1,2,3,2.0,Round_04,MID
Team_10,2,2,7,4.5,Round_04,MID
Team_07,1,1,6,7.0,Round_04,MID
Team_02,0,1,8,8.0,Round_04,MID
Team_03,0,3,17,5.67,Round_04,SUP
Team_06,2,5,5,1.4,Round_04,SUP
Team_01,0,0,8,8.0,Round_04,SUP
Team_04,0,1,0,0.0,Round_04,SUP
Team_05,0,4,4,1.0,Round_04,SUP
Team_09,0,3,14,4.67,Round_04,SUP
Team_08,0,3,3,1.0,Round_04,SUP
Team_10,0,1,15,15.0,Round_04,SUP
Team_07,0,0,6,6.0,Round_04,SUP
Team_02,1,3,6,2.33,Round_04,SUP
Team_03,6,4,3,2.25,Round_04,TOP
Team_06,1,9,4,0.56,Round_04,TOP
Team_01,2,1,1,3.0,Round_04,TOP
Team_04,1,2,0,0.5,Round_04,TOP
Team_05,0,4,3,0.75,Round_04,TOP
Team_09,7,0,8,15.0,Round_04,TOP
Team_08,2,4,0,0.5,Round_04,TOP
Team_10,1,2,5,3.0,Round_04,TOP
Team_07,2,2,3,2.5,Round_04,TOP
Team_02,4,1,1,5.0,Round_04,TOP
Team_04,2,0,7,9.0,Round_05,ADC
Team_03,0,2,1,0.5,Round_05,ADC
Team_06,7,0,3,10.0,Round_05,ADC
Team_07,3,1,4,7.0,Round_05,ADC
Team_09,3,1,12,15.0,Round_05,ADC
Team_01,3,3,0,1.0,Round_05,ADC
Team_02,10,1,11,21.0,Round_05,ADC
Team_10,4,3,7,3.67,Round_05,ADC
Team_05,4,4,2,1.5,Round_05,ADC
Team_08,11,0,6,17.0,Round_05,ADC
Team_04,1,2,7,4.0,Round_05,JGL
Team_03,2,2,2,2.0,Round_05,JGL
Team_06,0,6,9,1.5,Round_05,JGL
Team_07,0,3,4,1.33,Round_05,JGL
Team_09,0,3,13,4.33,Round_05,JGL
Team_01,1,4,3,1.0,Round_05,JGL
Team_02,1,4,17,4.5,Round_05,JGL
Team_10,2,5,7,1.8,Round_05,JGL
Team_05,1,4,7,2.0,Round_05,JGL
Team_08,2,3,16,6.0,Round_05,JGL
Team_04,5,1,3,8.0,Round_05,MID
Team_03,1,2,2,1.5,Round_05,MID
Team_06,2,2,2,2.0,Round_05,MID
Team_07,3,1,6,9.0,Round_05,MID
Team_09,5,0,9,14.0,Round_05,MID
Team_01,1,4,6,1.75,Round_05,MID
Team_02,8,2,9,8.5,Round_05,MID
Team_10,5,5,4,1.8,Round_05,MID
Team_05,4,2,5,4.5,Round_05,MID
Team_08,3,2,11,7.0,Round_05,MID
Team_04,1,0,6,7.0,Round_05,SUP
Team_03,0,3,2,0.67,Round_05,SUP
Team_06,1,1,6,7.0,Round_05,SUP
Team_07,1,4,3,1.0,Round_05,SUP
Team_09,2,1,14,16.0,Round_05,SUP
Team_01,0,2,5,2.5,Round_05,SUP
Team_02,1,4,20,5.25,Round_05,SUP
Team_10,0,6,8,1.33,Round_05,SUP
Team_05,0,6,8,1.33,Round_05,SUP
Team_08,0,2,15,7.5,Round_05,SUP
Team_04,2,1,4,6.0,Round_05,TOP
Team_03,1,2,0,0.5,Round_05,TOP
Team_06,2,3,4,2.0,Round_05,TOP
Team_07,5,3,4,3.0,Round_05,TOP
Team_09,8,3,5,4.33,Round_05,TOP
Team_01,3,5,2,1.0,Round_05,TOP
Team_02,7,1,9,16.0,Round_05,TOP
Team_10,1,8,2,0.38,Round_05,TOP
Team_05,1,7,3,0.57,Round_05,TOP
Team_08,7,3,11,6.0,Round_05,TOP
Team_10,8,1,4,12.0,Round_06,ADC
Team_07,0,2,2,1.0,Round_06,ADC
Team_08,8,1,7,15.0,Round_06,ADC
Team_09,3,4,3,1.5,Round_06,ADC
Team_04,1,3,4,1.67,Round_06,ADC
Team_06,4,0,5,9.0,Round_06,ADC
Team_01,6,1,7,13.0,Round_06,ADC
Team_03,1,1,0,1.0,Round_06,ADC
Team_02,7,1,4,11.0,Round_06,ADC
Team_05,0,4,4,1.0,Round_06,ADC
Team_10,2,3,6,2.67,Round_06,JGL
Team_07,2,3,3,1.67,Round_06,JGL
Team_08,2,3,9,3.67,Round_06,JGL
Team_09,3,5,2,1.0,Round_06,JGL
Team_04,0,3,3,1.0,Round_06,JGL
Team_06,3,1,9,12.0,Round_06,JGL
Team_01,1,0,11,12.0,Round_06,JGL
Team_03,0,2,1,0.5,Round_06,JGL
Team_02,7,0,9,16.0,Round_06,JGL
Team_05,3,5,2,1.0,Round_06,JGL
Team_10,1,1,10,11.0,Round_06,MID
Team_07,2,3,1,1.0,Round_06,MID
Team_08,3,2,8,5.5,Round_06,MID
Team_09,0,2,7,3.5,Round_06,MID
Team_04,2,0,2,4.0,Round_06,MID
Team_06,1,0,6,7.0,Round_06,MID
Team_01,2,0,7,9.0,Round_06,MID
Team_03,0,2,0,0.0,Round_06,MID
Team_02,2,1,9,11.0,Round_06,MID
Team_05,2,0,2,4.0,Round_06,MID
Team_10,0,0,8,8.0,Round_06,SUP
Team_07,1,2,3,2.0,Round_06,SUP
Team_08,1,3,15,5.33,Round_06,SUP
Team_09,0,4,4,1.0,Round_06,SUP
Team_04,1,2,2,1.5,Round_06,SUP
Team_06,2,2,7,4.5,Round_06,SUP
Team_01,1,0,12,13.0,Round_06,SUP
Team_03,0,5,1,0.2,Round_06,SUP
Team_02,0,1,17,17.0,Round_06,SUP
Team_05,0,6,3,0.5,Round_06,SUP
Team_10,2,0,7,9.0,Round_06,TOP
Team_07,0,3,1,0.33,Round_06,TOP
Team_08,3,1,12,15.0,Round_06,TOP
Team_09,4,2,3,3.5,Round_06,TOP
Team_04,1,4,2,0.75,Round_06,TOP
Team_06,2,2,2,2.0,Round_06,TOP
Team_01,3,0,5,8.0,Round_06,TOP
Team_03,0,3,1,0.33,Round_06,TOP
Team_02,4,4,5,2.25,Round_06,TOP
Team_05,2,5,1,0.6,Round_06,TOP
Team_05,2,6,3,0.83,Round_07,ADC
Team_01,8,1,11,19.0,Round_07,ADC
Team_07,4,0,5,9.0,Round_07,ADC
Team_09,0,2,1,0.5,Round_07,ADC
Team_06,4,1,6,10.0,Round_07,ADC
Team_10,2,3,2,1.33,Round_07,ADC
Team_03,4,0,8,12.0,Round_07,ADC
Team_02,2,3,0,0.67,Round_07,ADC
Team_08,7,0,4,11.0,Round_07,ADC
Team_04,3,3,0,1.0,Round_07,ADC
Team_05,0,3,4,1.33,Round_07,JGL
Team_01,4,2,14,9.0,Round_07,JGL
Team_07,0,2,10,5.0,Round_07,JGL
Team_09,2,2,2,2.0,Round_07,JGL
Team_06,3,3,7,3.33,Round_07,JGL
Team_10,1,2,7,4.0,Round_07,JGL
Team_03,2,1,4,6.0,Round_07,JGL
Team_02,1,4,1,0.5,Round_07,JGL
Team_08,5,0,8,13.0,Round_07,JGL
Team_04,0,3,2,0.67,Round_07,JGL
Team_05,4,3,1,1.67,Round_07,MID
Team_01,7,1,11,18.0,Round_07,MID
Team_07,6,1,3,9.0,Round_07,MID
Team_09,0,3,1,0.33,Round_07,MID
Team_06,6,1,6,12.0,Round_07,MID
Team_10,3,1,4,7.0,Round_07,MID
Team_03,6,0,3,9.0,Round_07,MID
Team_02,0,3,2,0.67,Round_07,MID
Team_08,3,2,11,7.0,Round_07,MID
Team_04,0,2,3,1.5,Round_07,MID
Team_05,0,5,5,1.0,Round_07,SUP
Team_01,1,1,16,17.0,Round_07,SUP
Team_07,1,1,10,11.0,Round_07,SUP
Team_09,1,2,2,1.5,Round_07,SUP
Team_06,2,3,9,3.67,Round_07,SUP
Team_10,1,4,6,1.75,Round_07,SUP
Team_03,0,2,12,6.0,Round_07,SUP
Team_02,0,2,2,1.0,Round_07,SUP
Team_08,0,1,14,14.0,Round_07,SUP
Team_04,0,6,2,0.33,Round_07,SUP
Team_05,0,8,3,0.38,Round_07,TOP
Team_01,5,1,4,9.0,Round_07,TOP
Team_07,3,0,6,9.0,Round_07,TOP
Team_09,1,5,1,0.4,Round_07,TOP
Team_06,2,1,8,10.0,Round_07,TOP
Team_10,2,7,5,1.0,Round_07,TOP
Team_03,3,0,9,12.0,Round_07,TOP
Team_02,0,3,0,0.0,Round_07,TOP
Team_08,2,0,8,10.0,Round_07,TOP
Team_04,0,3,0,0.0,Round_07,TOP
Team_09,5,1,13,18.0,Round_08,ADC
Team_02,5,4,3,2.0,Round_08,ADC
Team_03,0,3,5,1.67,Round_08,ADC
Team_08,13,2,4,8.5,Round_08,ADC
Team_10,5,1,4,9.0,Round_08,ADC
Team_05,2,6,3,0.83,Round_08,ADC
Team_07,4,4,5,2.25,Round_08,ADC
Team_04,8,1,9,17.0,Round_08,ADC
Team_01,1,1,2,3.0,Round_08,ADC
Team_06,7,0,7,14.0,Round_08,ADC
Team_09,3,3,9,4.0,Round_08,JGL
Team_02,1,4,7,2.0,Round_08,JGL
Team_03,1,4,1,0.5,Round_08,JGL
Team_08,2,2,12,7.0,Round_08,JGL
Team_10,7,2,7,7.0,Round_08,JGL
Team_05,2,3,2,1.33,Round_08,JGL
Team_07,0,4,14,3.5,Round_08,JGL
Team_04,1,8,9,1.25,Round_08,JGL
Team_01,5,3,2,2.33,Round_08,JGL
Team_06,2,4,8,2.5,Round_08,JGL
Team_09,5,1,9,14.0,Round_08,MID
Team_02,3,2,5,4.0,Round_08,MID
Team_03,5,4,1,1.5,Round_08,MID
Team_08,5,1,10,15.0,Round_08,MID
Team_10,5,1,5,10.0,Round_08,MID
Team_05,2,2,2,2.0,Round_08,MID
Team_07,6,2,7,6.5,Round_08,MID
Team_04,3,3,11,4.67,Round_08,MID
Team_01,1,3,4,1.67,Round_08,MID
Team_06,4,0,8,12.0,Round_08,MID
Team_09,0,3,13,4.33,Round_08,SUP
Team_02,0,6,8,1.33,Round_08,SUP
Team_03,1,7,5,0.86,Round_08,SUP
Team_08,0,2,19,9.5,Round_08,SUP
Team_10,1,1,12,13.0,Round_08,SUP
Team_05,1,2,4,2.5,Round_08,SUP
Team_07,1,3,13,4.67,Round_08,SUP
Team_04,3,3,11,4.67,Round_08,SUP
Team_01,0,4,4,1.0,Round_08,SUP
Team_06,0,2,11,5.5,Round_08,SUP
Team_09,5,2,10,7.5,Round_08,TOP
Team_02,1,2,2,1.5,Round_08,TOP
Team_03,2,6,3,0.83,Round_08,TOP
Team_08,4,2,17,10.5,Round_08,TOP
Team_10,4,3,15,6.33,Round_08,TOP
Team_05,1,9,6,0.78,Round_08,TOP
Team_07,6,8,5,1.38,Round_08,TOP
Team_04,6,2,10,8.0,Round_08,TOP
Team_01,0,4,3,0.75,Round_08,TOP
Team_06,2,1,8,10.0,Round_08,TOP
Team_10,9,3,12,7.0,Round_09,ADC
Team_03,4,3,3,2.33,Round_09,ADC
Team_05,6,4,7,3.25,Round_09,ADC
Team_07,4,3,6,3.33,Round_09,ADC
Team_02,5,2,1,3.0,Round_09,ADC
Team_06,5,1,7,12.0,Round_09,ADC
Team_04,3,2,10,6.5,Round_09,ADC
Team_09,1,2,2,1.5,Round_09,ADC
Team_01,0,4,3,0.75,Round_09,ADC
Team_08,8,0,6,14.0,Round_09,ADC
Team_10,6,1,10,16.0,Round_09,JGL
Team_03,2,7,2,0.57,Round_09,JGL
Team_05,0,3,16,5.33,Round_09,JGL
Team_07,1,4,9,2.5,Round_09,JGL
Team_02,1,4,7,2.0,Round_09,JGL
Team_06,1,4,9,2.5,Round_09,JGL
Team_04,6,0,10,16.0,Round_09,JGL
Team_09,1,5,3,0.8,Round_09,JGL
Team_01,0,2,3,1.5,Round_09,JGL
Team_08,3,2,11,7.0,Round_09,JGL
Team_10,4,2,10,7.0,Round_09,MID
Team_03,4,4,3,1.75,Round_09,MID
Team_05,7,1,8,15.0,Round_09,MID
Team_07,1,4,6,1.75,Round_09,MID
Team_02,0,3,3,1.0,Round_09,MID
Team_06,3,0,9,12.0,Round_09,MID
Team_04,7,2,9,8.0,Round_09,MID
Team_09,1,3,3,1.33,Round_09,MID
Team_01,1,3,2,1.0,Round_09,MID
Team_08,4,0,7,11.0,Round_09,MID
Team_10,1,3,20,7.0,Round_09,SUP
Team_03,1,6,7,1.33,Round_09,SUP
Team_05,2,3,16,6.0,Round_09,SUP
Team_07,3,6,5,1.33,Round_09,SUP
Team_02,0,4,7,1.75,Round_09,SUP
Team_06,0,2,7,3.5,Round_09,SUP
Team_04,0,2,17,8.5,Round_09,SUP
Team_09,0,6,3,0.5,Round_09,SUP
Team_01,0,5,2,0.4,Round_09,SUP
Team_08,0,1,14,14.0,Round_09,SUP
Team_10,7,2,9,8.0,Round_09,TOP
Team_03,0,7,2,0.29,Round_09,TOP
Team_05,4,3,3,2.33,Round_09,TOP
Team_07,5,2,4,4.5,Round_09,TOP
Team_02,2,1,2,4.0,Round_09,TOP
Team_06,5,1,8,13.0,Round_09,TOP
Team_04,3,0,10,13.0,Round_09,TOP
Team_09,3,3,2,1.67,Round_09,TOP
Team_01,3,3,0,1.0,Round_09,TOP
Team_08,2,1,6,8.0,Round_09,TOP
Team_04,9,2,5,7.0,Round_10,ADC
Team_05,2,5,0,0.4,Round_10,ADC
Team_03,9,0,8,17.0,Round_10,ADC
Team_07,0,2,3,1.5,Round_10,ADC
Team_08,3,1,6,9.0,Round_10,ADC
Team_06,1,3,3,1.33,Round_10,ADC
Team_01,4,0,6,10.0,Round_10,ADC
Team_02,1,3,0,0.33,Round_10,ADC
Team_09,1,2,10,5.5,Round_10,ADC
Team_10,6,1,8,14.0,Round_10,ADC
Team_04,3,2,9,6.0,Round_10,JGL
Team_05,1,4,3,1.0,Round_10,JGL
Team_03,5,0,12,17.0,Round_10,JGL
Team_07,1,3,5,2.0,Round_10,JGL
Team_08,5,1,7,12.0,Round_10,JGL
Team_06,1,3,3,1.33,Round_10,JGL
Team_01,6,0,5,11.0,Round_10,JGL
Team_02,0,5,4,0.8,Round_10,JGL
Team_09,9,5,3,2.4,Round_10,JGL
Team_10,3,2,10,6.5,Round_10,JGL
Team_04,9,0,4,13.0,Round_10,MID
Team_05,2,3,4,2.0,Round_10,MID
Team_03,3,1,12,15.0,Round_10,MID
Team_07,4,3,2,2.0,Round_10,MID
Team_08,3,0,9,12.0,Round_10,MID
Team_06,1,2,2,1.5,Round_10,MID
Team_01,4,0,6,10.0,Round_10,MID
Team_02,2,3,1,1.0,Round_10,MID
Team_09,3,1,10,13.0,Round_10,MID
Team_10,4,2,5,4.5,Round_10,MID
Team_04,1,2,14,7.5,Round_10,SUP
Team_05,1,6,5,1.0,Round_10,SUP
Team_03,2,4,14,4.0,Round_10,SUP
Team_07,2,6,3,0.83,Round_10,SUP
Team_08,0,1,11,11.0,Round_10,SUP
Team_06,2,4,2,1.0,Round_10,SUP
Team_01,1,3,9,3.33,Round_10,SUP
Team_02,1,2,2,1.5,Round_10,SUP
Team_09,1,5,12,2.6,Round_10,SUP
Team_10,1,5,10,2.2,Round_10,SUP
Team_04,0,2,8,4.0,Round_10,TOP
Team_05,2,4,0,0.5,Round_10,TOP
Team_03,0,2,6,3.0,Round_10,TOP
Team_07,0,5,2,0.4,Round_10,TOP
Team_08,4,2,5,4.5,Round_10,TOP
Team_06,0,3,2,0.67,Round_10,TOP
Team_01,0,1,3,3.0,Round_10,TOP
Team_02,0,2,1,0.5,Round_10,TOP
Team_09,1,4,1,0.5,Round_10,TOP
Team_10,3,5,6,1.8,Round_10,TOP
Team_06,3,3,4,2.33,Round_11,ADC
Team_09,9,4,9,4.5,Round_11,ADC
Team_02,3,3,1,1.33,Round_11,ADC
Team_08,6,2,4,5.0,Round_11,ADC
Team_07,0,3,8,2.67,Round_11,ADC
Team_01,5,1,8,13.0,Round_11,ADC
Team_10,5,5,9,2.8,Round_11,ADC
Team_04,9,2,12,10.5,Round_11,ADC
Team_05,10,3,9,6.33,Round_11,ADC
Team_03,2,7,8,1.43,Round_11,ADC
Team_06,2,6,6,1.33,Round_11,JGL
Team_09,3,1,11,14.0,Round_11,JGL
Team_02,1,4,1,0.5,Round_11,JGL
Team_08,0,2,11,5.5,Round_11,JGL
Team_07,5,5,8,2.6,Round_11,JGL
Team_01,5,3,9,4.67,Round_11,JGL
Team_10,3,7,18,3.0,Round_11,JGL
Team_04,5,5,15,4.0,Round_11,JGL
Team_05,1,5,9,2.0,Round_11,JGL
Team_03,5,6,9,2.33,Round_11,JGL
Team_06,2,3,3,1.67,Round_11,MID
Team_09,5,1,13,18.0,Round_11,MID
Team_02,1,1,1,2.0,Round_11,MID
Team_08,4,0,5,9.0,Round_11,MID
Team_07,6,2,4,5.0,Round_11,MID
Team_01,7,1,9,16.0,Round_11,MID
Team_10,6,6,7,2.17,Round_11,MID
Team_04,9,6,14,3.83,Round_11,MID
Team_05,8,2,10,9.0,Round_11,MID
Team_03,3,4,7,2.5,Round_11,MID
Team_06,1,6,6,1.17,Round_11,SUP
Team_09,2,3,20,7.33,Round_11,SUP
Team_02,0,4,5,1.25,Round_11,SUP
Team_08,2,1,11,13.0,Round_11,SUP
Team_07,1,9,11,1.33,Round_11,SUP
Team_01,1,6,13,2.33,Round_11,SUP
Team_10,2,5,18,4.0,Round_11,SUP
Team_04,0,8,18,2.25,Round_11,SUP
Team_05,0,3,23,7.67,Round_11,SUP
Team_03,0,4,10,2.5,Round_11,SUP
Team_06,3,9,1,0.44,Round_11,TOP
Team_09,8,2,10,9.0,Round_11,TOP
Team_02,1,2,1,1.0,Round_11,TOP
Team_08,2,1,4,6.0,Round_11,TOP
Team_07,1,3,4,1.67,Round_11,TOP
Team_01,4,2,7,5.5,Round_11,TOP
Team_10,9,7,9,2.57,Round_11,TOP
Team_04,7,4,12,4.75,Round_11,TOP
Team_05,6,4,8,3.5,Round_11,TOP
Team_03,7,4,5,3.0,Round_11,TOP
Team_08,3,1,4,7.0,Round_12,ADC
Team_07,3,3,3,2.0,Round_12,ADC
Team_01,1,4,6,1.75,Round_12,ADC
Team_10,10,2,6,8.0,Round_12,ADC
Team_04,6,0,5,11.0,Round_12,ADC
Team_02,1,4,0,0.25,Round_12,ADC
Team_05,4,6,2,1.0,Round_12,ADC
Team_06,7,2,4,5.5,Round_12,ADC
Team_03,1,3,2,1.0,Round_12,ADC
Team_09,8,0,10,18.0,Round_12,ADC
Team_08,5,3,1,2.0,Round_12,JGL
Team_07,2,1,2,4.0,Round_12,JGL
Team_01,1,4,8,2.25,Round_12,JGL
Team_10,5,2,12,8.5,Round_12,JGL
Team_04,1,1,8,9.0,Round_12,JGL
Team_02,0,3,1,0.33,Round_12,JGL
Team_05,3,4,4,1.75,Round_12,JGL
Team_06,3,3,7,3.33,Round_12,JGL
Team_03,1,7,4,0.71,Round_12,JGL
Team_09,6,0,5,11.0,Round_12,JGL
Team_08,4,0,4,8.0,Round_12,MID
Team_07,1,2,5,3.0,Round_12,MID
Team_01,7,5,3,2.0,Round_12,MID
Team_10,6,2,12,9.0,Round_12,MID
Team_04,3,1,7,10.0,Round_12,MID
Team_02,1,3,1,0.67,Round_12,MID
Team_05,1,2,7,4.0,Round_12,MID
Team_06,4,1,10,14.0,Round_12,MID
Team_03,2,3,1,1.0,Round_12,MID
Team_09,2,1,13,15.0,Round_12,MID
Team_08,1,2,9,5.0,Round_12,SUP
Team_07,1,4,6,1.75,Round_12,SUP
Team_01,0,3,9,3.0,Round_12,SUP
Team_10,0,1,13,13.0,Round_12,SUP
Team_04,0,0,11,11.0,Round_12,SUP
Team_02,0,3,0,0.0,Round_12,SUP
Team_05,0,3,7,2.33,Round_12,SUP
Team_06,3,1,13,16.0,Round_12,SUP
Team_03,0,5,4,0.8,Round_12,SUP
Team_09,1,1,13,14.0,Round_12,SUP
Team_08,0,2,6,3.0,Round_12,TOP
Team_07,1,3,2,1.0,Round_12,TOP
Team_01,1,8,3,0.5,Round_12,TOP
Team_10,3,3,5,2.67,Round_12,TOP
Team_04,5,0,4,9.0,Round_12,TOP
Team_02,0,2,1,0.5,Round_12,TOP
Team_05,3,4,4,1.75,Round_12,TOP
Team_06,2,4,5,1.75,Round_12,TOP
Team_03,1,3,3,1.33,Round_12,TOP
Team_09,4,3,9,4.33,Round_12,TOP
Team_04,1,2,16,8.5,Round_13,ADC
Team_01,3,2,7,5.0,Round_13,ADC
Team_09,7,0,8,15.0,Round_13,ADC
Team_05,1,6,1,0.33,Round_13,ADC
Team_10,14,4,6,5.0,Round_13,ADC
Team_08,12,6,18,5.0,Round_13,ADC
Team_02,5,3,8,4.33,Round_13,ADC
Team_07,3,3,4,2.33,Round_13,ADC
Team_06,4,3,4,2.67,Round_13,ADC
Team_03,8,1,6,14.0,Round_13,ADC
Team_04,6,2,7,6.5,Round_13,JGL
Team_01,2,5,6,1.6,Round_13,JGL
Team_09,2,4,9,2.75,Round_13,JGL
Team_05,1,3,3,1.33,Round_13,JGL
Team_10,1,5,14,3.0,Round_13,JGL
Team_08,4,4,19,5.75,Round_13,JGL
Team_02,4,2,5,4.5,Round_13,JGL
Team_07,4,4,8,3.0,Round_13,JGL
Team_06,1,8,7,1.0,Round_13,JGL
Team_03,1,1,12,13.0,Round_13,JGL
Team_04,11,3,7,6.0,Round_13,MID
Team_01,7,4,5,3.0,Round_13,MID
Team_09,4,0,12,16.0,Round_13,MID
Team_05,1,2,2,1.5,Round_13,MID
Team_10,1,6,7,1.33,Round_13,MID
Team_08,7,4,11,4.5,Round_13,MID
Team_02,2,1,9,11.0,Round_13,MID
Team_07,6,1,6,12.0,Round_13,MID
Team_06,3,5,3,1.2,Round_13,MID
Team_03,6,2,10,8.0,Round_13,MID
Team_04,1,5,13,2.8,Round_13,SUP
Team_01,1,7,7,1.14,Round_13,SUP
Team_09,2,0,16,18.0,Round_13,SUP
Team_05,0,7,1,0.14,Round_13,SUP
Team_10,1,9,11,1.33,Round_13,SUP
Team_08,0,5,27,5.4,Round_13,SUP
Team_02,0,3,10,3.33,Round_13,SUP
Team_07,0,4,12,3.0,Round_13,SUP
Team_06,0,5,9,1.8,Round_13,SUP
Team_03,1,4,8,2.25,Round_13,SUP
Team_04,3,1,9,12.0,Round_13,TOP
Team_01,0,4,4,1.0,Round_13,TOP
Team_09,6,0,2,8.0,Round_13,TOP
Team_05,1,3,0,0.33,Round_13,TOP
Team_10,4,9,6,1.11,Round_13,TOP
Team_08,10,2,8,9.0,Round_13,TOP
Team_02,4,5,4,1.6,Round_13,TOP
Team_07,1,3,6,2.33,Round_13,TOP
Team_06,3,4,3,1.5,Round_13,TOP
Team_03,9,3,4,4.33,Round_13,TOP
Team_10,6,0,1,7.0,Round_14,ADC
Team_02,2,2,1,1.5,Round_14,ADC
Team_08,4,0,4,8.0,Round_14,ADC
Team_05,0,3,2,0.67,Round_14,ADC
Team_03,2,2,6,4.0,Round_14,ADC
Team_04,2,1,5,7.0,Round_14,ADC
Team_01,3,3,0,1.0,Round_14,ADC
Team_09,8,0,5,13.0,Round_14,ADC
Team_07,4,2,5,4.5,Round_14,ADC
Team_06,2,2,5,3.5,Round_14,ADC
Team_10,4,0,5,9.0,Round_14,JGL
Team_02,1,3,2,1.0,Round_14,JGL
Team_08,1,3,9,3.33,Round_14,JGL
Team_05,2,3,6,2.67,Round_14,JGL
Team_03,3,2,4,3.5,Round_14,JGL
Team_04,3,0,6,9.0,Round_14,JGL
Team_01,0,3,2,0.67,Round_14,JGL
Team_09,2,0,10,12.0,Round_14,JGL
Team_07,5,1,8,13.0,Round_14,JGL
Team_06,5,3,1,2.0,Round_14,JGL
Team_10,0,0,4,4.0,Round_14,MID
Team_02,0,3,2,0.67,Round_14,MID
Team_08,4,1,3,7.0,Round_14,MID
Team_05,4,1,4,8.0,Round_14,MID
Team_03,3,2,2,2.5,Round_14,MID
Team_04,2,1,8,10.0,Round_14,MID
Team_01,0,3,2,0.67,Round_14,MID
Team_09,5,1,6,11.0,Round_14,MID
Team_07,3,2,4,3.5,Round_14,MID
Team_06,0,1,4,4.0,Round_14,MID
Team_10,1,1,9,10.0,Round_14,SUP
Team_02,0,1,2,2.0,Round_14,SUP
Team_08,0,3,6,2.0,Round_14,SUP
Team_05,2,3,5,2.33,Round_14,SUP
Team_03,0,3,7,2.33,Round_14,SUP
Team_04,2,5,6,1.6,Round_14,SUP
Team_01,0,4,2,0.5,Round_14,SUP
Team_09,0,1,14,14.0,Round_14,SUP
Team_07,0,3,8,2.67,Round_14,SUP
Team_06,0,2,7,3.5,Round_14,SUP
Team_10,1,3,5,2.0,Round_14,TOP
Team_02,1,3,2,1.0,Round_14,TOP
Team_08,2,3,4,2.0,Round_14,TOP
Team_05,2,1,5,7.0,Round_14,TOP
Team_03,2,4,2,1.0,Round_14,TOP
Team_04,4,3,4,2.67,Round_14,TOP
Team_01,0,5,1,0.2,Round_14,TOP
Team_09,3,1,9,12.0,Round_14,TOP
Team_07,3,2,8,5.5,Round_14,TOP
Team_06,3,7,2,0.71,Round_14,TOP
Team_09,6,1,12,18.0,Round_15,ADC
Team_08,3,2,3,3.0,Round_15,ADC
Team_06,3,1,5,8.0,Round_15,ADC
Team_04,1,3,5,2.0,Round_15,ADC
Team_05,1,9,3,0.44,Round_15,ADC
Team_02,6,2,10,8.0,Round_15,ADC
Team_03,2,5,5,1.4,Round_15,ADC
Team_01,10,2,7,8.5,Round_15,ADC
Team_07,2,4,4,1.5,Round_15,ADC
Team_10,10,3,8,6.0,Round_15,ADC
Team_09,6,0,13,19.0,Round_15,JGL
Team_08,2,3,4,2.0,Round_15,JGL
Team_06,1,3,8,3.0,Round_15,JGL
Team_04,2,2,5,3.5,Round_15,JGL
Team_05,0,4,3,0.75,Round_15,JGL
Team_02,5,3,11,5.33,Round_15,JGL
Team_03,1,5,8,1.8,Round_15,JGL
Team_01,1,3,16,5.67,Round_15,JGL
Team_07,2,5,6,1.6,Round_15,JGL
Team_10,4,3,14,6.0,Round_15,JGL
Team_09,1,0,13,14.0,Round_15,MID
Team_08,0,3,1,0.33,Round_15,MID
Team_06,9,1,4,13.0,Round_15,MID
Team_04,6,3,2,2.67,Round_15,MID
Team_05,2,2,0,1.0,Round_15,MID
Team_02,11,0,7,18.0,Round_15,MID
Team_03,3,1,5,8.0,Round_15,MID
Team_01,5,1,10,15.0,Round_15,MID
Team_07,3,4,1,1.0,Round_15,MID
Team_10,5,1,7,12.0,Round_15,MID
Team_09,2,4,16,4.5,Round_15,SUP
Team_08,0,8,5,0.62,Round_15,SUP
Team_06,1,2,11,6.0,Round_15,SUP
Team_04,0,4,6,1.5,Round_15,SUP
Team_05,3,6,1,0.67,Round_15,SUP
Team_02,0,1,19,19.0,Round_15,SUP
Team_03,0,3,9,3.0,Round_15,SUP
Team_01,0,1,18,18.0,Round_15,SUP
Team_07,0,9,5,0.56,Round_15,SUP
Team_10,1,1,19,20.0,Round_15,SUP
Team_09,6,1,7,13.0,Round_15,TOP
Team_08,1,5,3,0.8,Round_15,TOP
Team_06,3,3,3,2.0,Round_15,TOP
Team_04,1,5,3,0.8,Round_15,TOP
Team_05,0,3,2,0.67,Round_15,TOP
Team_02,2,0,8,10.0,Round_15,TOP
Team_03,4,5,3,1.4,Round_15,TOP
Team_01,3,3,7,3.33,Round_15,TOP
Team_07,2,4,1,0.75,Round_15,TOP
Team_10,6,1,6,12.0,Round_15,TOP
Team_02,1,4,4,1.25,Round_16,ADC
Team_03,3,1,7,10.0,Round_16,ADC
Team_10,8,1,5,13.0,Round_16,ADC
Team_06,1,5,1,0.4,Round_16,ADC
Team_01,7,0,7,14.0,Round_16,ADC
Team_05,0,5,0,0.0,Round_16,ADC
Team_09,4,0,8,12.0,Round_16,ADC
Team_07,2,1,3,5.0,Round_16,ADC
Team_04,5,0,8,13.0,Round_16,ADC
Team_08,0,5,1,0.2,Round_16,ADC
Team_02,0,3,4,1.33,Round_16,JGL
Team_03,5,1,6,11.0,Round_16,JGL
Team_10,4,0,10,14.0,Round_16,JGL
Team_06,2,6,3,0.83,Round_16,JGL
Team_01,8,0,8,16.0,Round_16,JGL
Team_05,0,2,1,0.5,Round_16,JGL
Team_09,2,3,7,3.0,Round_16,JGL
Team_07,2,2,6,4.0,Round_16,JGL
Team_04,6,3,11,5.67,Round_16,JGL
Team_08,2,3,3,1.67,Round_16,JGL
Team_02,4,3,1,1.67,Round_16,MID
Team_03,2,0,8,10.0,Round_16,MID
Team_10,5,1,0,5.0,Round_16,MID
Team_06,0,1,1,1.0,Round_16,MID
Team_01,1,0,8,9.0,Round_16,MID
Team_05,0,2,0,0.0,Round_16,MID
Team_09,2,0,10,12.0,Round_16,MID
Team_07,2,2,3,2.5,Round_16,MID
Team_04,6,2,7,6.5,Round_16,MID
Team_08,4,6,2,1.0,Round_16,MID
Team_02,1,3,5,2.0,Round_16,SUP
Team_03,0,3,7,2.33,Round_16,SUP
Team_10,3,2,14,8.5,Round_16,SUP
Team_06,2,5,2,0.8,Round_16,SUP
Team_01,0,0,14,14.0,Round_16,SUP
Team_05,1,7,0,0.14,Round_16,SUP
Team_09,0,2,10,5.0,Round_16,SUP
Team_07,0,4,4,1.0,Round_16,SUP
Team_04,2,1,14,16.0,Round_16,SUP
Team_08,0,4,5,1.25,Round_16,SUP
Team_02,0,1,4,4.0,Round_16,TOP
Team_03,4,1,5,9.0,Round_16,TOP
Team_10,3,3,3,2.0,Round_16,TOP
Team_06,2,6,2,0.67,Round_16,TOP
Team_01,3,1,3,6.0,Round_16,TOP
Team_05,0,3,1,0.33,Round_16,TOP
Team_09,5,3,5,3.33,Round_16,TOP
Team_07,2,4,5,1.75,Round_16,TOP
Team_04,2,0,4,6.0,Round_16,TOP
Team_08,0,3,3,1.0,Round_16,TOP
Team_05,0,6,2,0.33,Round_17,ADC
Team_10,14,1,6,20.0,Round_17,ADC
Team_06,2,4,4,1.5,Round_17,ADC
Team_01,5,0,17,22.0,Round_17,ADC
Team_08,11,0,12,23.0,Round_17,ADC
Team_03,1,3,2,1.0,Round_17,ADC
Team_02,2,1,2,4.0,Round_17,ADC
Team_09,3,0,5,8.0,Round_17,ADC
Team_04,0,0,4,4.0,Round_17,ADC
Team_07,3,1,6,9.0,Round_17,ADC
Team_05,1,6,5,1.0,Round_17,JGL
Team_10,2,2,10,6.0,Round_17,JGL
Team_06,4,6,3,1.17,Round_17,JGL
Team_01,6,1,14,20.0,Round_17,JGL
Team_08,1,1,20,21.0,Round_17,JGL
Team_03,0,8,2,0.25,Round_17,JGL
Team_02,0,3,5,1.67,Round_17,JGL
Team_09,1,1,5,6.0,Round_17,JGL
Team_04,2,2,2,2.0,Round_17,JGL
Team_07,3,1,8,11.0,Round_17,JGL
Team_05,4,4,2,1.5,Round_17,MID
Team_10,6,1,4,10.0,Round_17,MID
Team_06,1,4,4,1.25,Round_17,MID
Team_01,8,3,11,6.33,Round_17,MID
Team_08,7,1,14,21.0,Round_17,MID
Team_03,1,5,1,0.4,Round_17,MID
Team_02,2,1,2,4.0,Round_17,MID
Team_09,2,2,5,3.5,Round_17,MID
Team_04,2,7,4,0.86,Round_17,MID
Team_07,7,5,4,2.2,Round_17,MID
Team_05,1,6,4,0.83,Round_17,SUP
Team_10,2,2,21,11.5,Round_17,SUP
Team_06,1,5,5,1.2,Round_17,SUP
Team_01,0,2,22,11.0,Round_17,SUP
Team_08,1,1,26,27.0,Round_17,SUP
Team_03,0,6,2,0.33,Round_17,SUP
Team_02,1,0,4,5.0,Round_17,SUP
Team_09,0,1,8,8.0,Round_17,SUP
Team_04,1,3,3,1.33,Round_17,SUP
Team_07,1,1,9,10.0,Round_17,SUP
Team_05,3,9,2,0.56,Round_17,TOP
Team_10,7,3,10,5.67,Round_17,TOP
Team_06,3,5,5,1.6,Round_17,TOP
Team_01,5,5,7,2.4,Round_17,TOP
Team_08,8,1,13,21.0,Round_17,TOP
Team_03,2,6,0,0.33,Round_17,TOP
Team_02,0,3,2,0.67,Round_17,TOP
Team_09,2,1,5,7.0,Round_17,TOP
Team_04,3,3,0,1.0,Round_17,TOP
Team_07,1,0,5,6.0,Round_17,TOP
Team_06,6,2,5,5.5,Round_18,ADC
Team_02,7,4,9,4.0,Round_18,ADC
Team_08,6,1,10,16.0,Round_18,ADC
Team_01,1,2,2,1.5,Round_18,ADC
Team_03,4,2,1,2.5,Round_18,ADC
Team_10,9,1,6,15.0,Round_18,ADC
Team_07,3,3,9,4.0,Round_18,ADC
Team_05,5,6,3,1.33,Round_18,ADC
Team_09,11,1,7,18.0,Round_18,ADC
Team_04,2,3,1,1.0,Round_18,ADC
Team_06,3,7,7,1.43,Round_18,JGL
Team_02,4,4,14,4.5,Round_18,JGL
Team_08,0,1,12,12.0,Round_18,JGL
Team_01,1,4,4,1.25,Round_18,JGL
Team_03,0,4,5,1.25,Round_18,JGL
Team_10,0,2,10,5.0,Round_18,JGL
Team_07,3,3,9,4.0,Round_18,JGL
Team_05,1,2,7,4.0,Round_18,JGL
Team_09,2,1,10,12.0,Round_18,JGL
Team_04,1,3,2,1.0,Round_18,JGL
Team_06,5,5,5,2.0,Round_18,MID
Team_02,8,1,10,18.0,Round_18,MID
Team_08,5,1,9,14.0,Round_18,MID
Team_01,0,5,3,0.6,Round_18,MID
Team_03,1,3,2,1.0,Round_18,MID
Team_10,4,0,8,12.0,Round_18,MID
Team_07,5,2,3,4.0,Round_18,MID
Team_05,2,1,7,9.0,Round_18,MID
Team_09,2,1,11,13.0,Round_18,MID
Team_04,1,3,1,0.67,Round_18,MID
Team_06,2,8,9,1.38,Round_18,SUP
Team_02,1,2,21,11.0,Round_18,SUP
Team_08,3,2,13,8.0,Round_18,SUP
Team_01,1,5,3,0.8,Round_18,SUP
Team_03,0,4,4,1.0,Round_18,SUP
Team_10,0,3,15,5.0,Round_18,SUP
Team_07,1,3,10,3.67,Round_18,SUP
Team_05,2,4,3,1.25,Round_18,SUP
Team_09,1,1,14,15.0,Round_18,SUP
Team_04,0,5,2,0.4,Round_18,SUP
Team_06,1,5,10,2.2,Round_18,TOP
Team_02,7,6,11,3.0,Round_18,TOP
Team_08,5,0,9,14.0,Round_18,TOP
Team_01,2,3,1,1.0,Round_18,TOP
Team_03,2,5,1,0.6,Round_18,TOP
Team_10,5,1,7,12.0,Round_18,TOP
Team_07,4,3,4,2.67,Round_18,TOP
Team_05,4,3,3,2.33,Round_18,TOP
Team_09,3,2,8,5.5,Round_18,TOP
Team_04,2,5,2,0.8,Round_18,TOP
